threshold,liked_pairs_count,disliked_pairs_count,intersection_count,union_count,intersection_pct_of_union,intersection_pct_of_liked,intersection_pct_of_disliked
0.1,2859384,1478925,10491,4327818,0.2424085301184107,0.36689720583174557,0.7093666007404027
0.2,1746705,1444197,10084,3180818,0.31702536894597555,0.577315574181101,0.6982426912671886
0.3,798440,1318805,7582,2109663,0.3593938937166742,0.949601723360553,0.5749144111525206
0.4,274379,1108789,3566,1379602,0.25848034433119116,1.2996621461555002,0.3216121372055459
0.5,65558,1055699,1105,1120152,0.09864732643426964,1.685530370053998,0.10466998642605516
0.55,21256,449791,287,470760,0.060965247684595124,1.3502070003763644,0.06380741277615604
0.6,7948,447453,151,455250,0.03316858868753432,1.8998490186210368,0.0337465610913325
0.7,941,377047,70,377918,0.018522536634931388,7.438894792773645,0.018565324747312668
